Código,Con punto,Descripción (CNAE-2025),Grupo,Estado,Sustituye al CNAE-2009,Línea para Ajustes
2370,23.70,"Corte, tallado y acabado de la piedra",Fabricación afín,NUEVO,,"2370 | Corte, tallado y acabado de la piedra"
4101,41.01,Construcción de edificios residenciales,Construcción de edificios,NUEVO,4121,4101 | Construcción de edificios residenciales
4102,41.02,Construcción de edificios no residenciales,Construcción de edificios,NUEVO,4122,4102 | Construcción de edificios no residenciales
4211,42.11,Construcción de carreteras y autopistas,Ingeniería civil,NUEVO,,4211 | Construcción de carreteras y autopistas
4212,42.12,Construcción de vías férreas de superficie y subterráneas,Ingeniería civil,NUEVO,,4212 | Construcción de vías férreas de superficie y subterráneas
4213,42.13,Construcción de puentes y túneles,Ingeniería civil,NUEVO,,4213 | Construcción de puentes y túneles
4221,42.21,Construcción de redes para fluidos,Ingeniería civil,NUEVO,,4221 | Construcción de redes para fluidos
4222,42.22,Construcción de redes eléctricas y de telecomunicaciones,Ingeniería civil,NUEVO,,4222 | Construcción de redes eléctricas y de telecomunicaciones
4291,42.91,Obras hidráulicas,Ingeniería civil,NUEVO,,4291 | Obras hidráulicas
4299,42.99,Construcción de otros proyectos de ingeniería civil n.c.o.p.,Ingeniería civil,NUEVO,,4299 | Construcción de otros proyectos de ingeniería civil n.c.o.p.
4311,43.11,Demolición,Construcción especializada,NUEVO,,4311 | Demolición
4312,43.12,Preparación de terrenos,Construcción especializada,NUEVO,,4312 | Preparación de terrenos
4313,43.13,Perforaciones y sondeos,Construcción especializada,NUEVO,,4313 | Perforaciones y sondeos
4321,43.21,Instalaciones eléctricas,Instalaciones,Ya en la lista,,4321 | Instalaciones eléctricas
4322,43.22,"Fontanería, instalación de sistemas de calefacción y aire acondicionado",Instalaciones,Ya en la lista,,"4322 | Fontanería, instalación de sistemas de calefacción y aire acondicionado"
4323,43.23,Instalación de aislamientos,Instalaciones,NUEVO,4329,4323 | Instalación de aislamientos
4324,43.24,Otras instalaciones en obras de construcción,Instalaciones,NUEVO,4329,4324 | Otras instalaciones en obras de construcción
4331,43.31,Revocamiento,Acabados,Ya en la lista,,4331 | Revocamiento
4332,43.32,Instalación de carpintería,Acabados,Ya en la lista,,4332 | Instalación de carpintería
4333,43.33,Revestimiento de suelos y paredes,Acabados,Ya en la lista,,4333 | Revestimiento de suelos y paredes
4334,43.34,Pintura y acristalamiento,Acabados,Ya en la lista,,4334 | Pintura y acristalamiento
4335,43.35,Otros acabados de edificios,Acabados,NUEVO,4339,4335 | Otros acabados de edificios
4341,43.41,Construcción de cubiertas,Construcción especializada,NUEVO,4391,4341 | Construcción de cubiertas
4342,43.42,Otras actividades de construcción especializada en la construcción de edificios,Construcción especializada,NUEVO,4399,4342 | Otras actividades de construcción especializada en la construcción de edificios
4350,43.50,Actividades de construcción especializada en ingeniería civil,Construcción especializada,NUEVO,4399,4350 | Actividades de construcción especializada en ingeniería civil
4360,43.60,Actividades de intermediación para servicios de construcción especializada,Construcción especializada,NUEVO,,4360 | Actividades de intermediación para servicios de construcción especializada
4391,43.91,Actividades de mampostería y albañilería,Construcción especializada,Ya en la lista,4399,4391 | Actividades de mampostería y albañilería
4399,43.99,Otras actividades de construcción especializada n.c.o.p.,Construcción especializada,Ya en la lista,,4399 | Otras actividades de construcción especializada n.c.o.p.
4613,46.13,Intermediarios del comercio de madera y materiales de construcción,Comercio,NUEVO,,4613 | Intermediarios del comercio de madera y materiales de construcción
4615,46.15,"Intermediarios del comercio de muebles, artículos para el hogar y ferretería",Comercio,NUEVO,,"4615 | Intermediarios del comercio de muebles, artículos para el hogar y ferretería"
4647,46.47,"Comercio al por mayor de muebles para hogar y oficinas, alfombras y aparatos de iluminación",Comercio,NUEVO,,"4647 | Comercio al por mayor de muebles para hogar y oficinas, alfombras y aparatos de iluminación"
4683,46.83,"Comercio al por mayor de madera, materiales de construcción y aparatos sanitarios",Comercio,Ya en la lista,4673,"4683 | Comercio al por mayor de madera, materiales de construcción y aparatos sanitarios"
4684,46.84,"Comercio al por mayor de equipos y suministros de ferretería, fontanería y calefacción",Comercio,NUEVO,4674,"4684 | Comercio al por mayor de equipos y suministros de ferretería, fontanería y calefacción"
4752,47.52,"Comercio al por menor de ferretería, materiales de construcción, pinturas y vidrio",Comercio,Ya en la lista,,"4752 | Comercio al por menor de ferretería, materiales de construcción, pinturas y vidrio"
4753,47.53,"Comercio al por menor de alfombras, moquetas y revestimientos de paredes y suelos",Comercio,Ya en la lista,,"4753 | Comercio al por menor de alfombras, moquetas y revestimientos de paredes y suelos"
4755,47.55,"Comercio al por menor de muebles, aparatos de iluminación, vajilla y otros artículos de uso doméstico",Comercio,NUEVO,4759,"4755 | Comercio al por menor de muebles, aparatos de iluminación, vajilla y otros artículos de uso doméstico"
6811,68.11,Compraventa de bienes inmobiliarios por cuenta propia,Inmobiliarias,NUEVO,6810,6811 | Compraventa de bienes inmobiliarios por cuenta propia
6812,68.12,Promoción inmobiliaria,Inmobiliarias,NUEVO,4110,6812 | Promoción inmobiliaria
6820,68.20,Alquiler de bienes inmobiliarios por cuenta propia,Inmobiliarias,Ya en la lista,,6820 | Alquiler de bienes inmobiliarios por cuenta propia
6831,68.31,Servicios de intermediación para actividades inmobiliarias,Inmobiliarias,Ya en la lista,,6831 | Servicios de intermediación para actividades inmobiliarias
6832,68.32,Otras actividades inmobiliarias por cuenta de terceros,Inmobiliarias,Ya en la lista,,6832 | Otras actividades inmobiliarias por cuenta de terceros
7111,71.11,Servicios técnicos de arquitectura,"Arquitectura, ingeniería y diseño",Ya en la lista,,7111 | Servicios técnicos de arquitectura
7112,71.12,Servicios técnicos de ingeniería y otras actividades relacionadas con el asesoramiento técnico,"Arquitectura, ingeniería y diseño",Ya en la lista,,7112 | Servicios técnicos de ingeniería y otras actividades relacionadas con el asesoramiento técnico
7413,74.13,Actividades de diseño de interiores,"Arquitectura, ingeniería y diseño",Ya en la lista,7410,7413 | Actividades de diseño de interiores
8110,81.10,Servicios integrales a edificios e instalaciones,Servicios a edificios,NUEVO,,8110 | Servicios integrales a edificios e instalaciones
8130,81.30,Actividades de jardinería,Servicios a edificios,NUEVO,,8130 | Actividades de jardinería
